experiment,enzyme_id,regime,seq_id,mean_cat_rmsd,std_cat_rmsd,structural_variance,n_models
1ca2_motif_only,1ca2,motif_only,design_10_s1,10.587913146200751,4.873417815632585,6.747477049039088,5
1ca2_motif_only,1ca2,motif_only,design_10_s2,10.104668414898342,1.8271493156633352,2.5582677275640884,5
1ca2_motif_only,1ca2,motif_only,design_10_s4,6.858739857941454,4.655165038023041,7.2750670437527205,3
1ca2_motif_only,1ca2,motif_only,design_10_s5,10.936613664277447,0.5788253275058051,0.7747035054014961,5
1ca2_motif_only,1ca2,motif_only,design_11_s1,1.3950206096531406,0.27780061846752846,0.3362716401306046,5
1ca2_motif_only,1ca2,motif_only,design_11_s2,10.677563602716727,3.764305630834268,4.573498871441215,5
1ca2_motif_only,1ca2,motif_only,design_11_s3,3.185211174666545,1.5492652774932927,2.1576475902497787,5
1ca2_motif_only,1ca2,motif_only,design_11_s4,2.1480950574276276,1.0494609887109039,1.324489677223933,5
1ca2_motif_only,1ca2,motif_only,design_11_s5,5.535167427341859,3.021107947486237,3.9552554804598166,5
1ca2_motif_only,1ca2,motif_only,design_12_s5,7.200861506835216,1.021718830810669,2.043437661621338,2
1ca2_motif_only,1ca2,motif_only,design_13_s1,1.971379329392604,0.3232941554266634,0.6465883108533268,2
1ca2_motif_only,1ca2,motif_only,design_14_s5,7.524107528325897,3.855891897004317,7.711783794008634,2
1ca2_motif_only,1ca2,motif_only,design_15_s2,2.947489176058127,1.7218204265930834,3.4436408531861673,2
1ca2_motif_only,1ca2,motif_only,design_16_s5,7.797800474240023,1.2403584064966773,1.995927454000319,3
1ca2_motif_only,1ca2,motif_only,design_17_s1,5.9162264915529725,4.96327518095851,9.92655036191702,2
1ca2_motif_only,1ca2,motif_only,design_17_s2,1.773897453109095,1.292484493321223,1.6755624369038729,5
1ca2_motif_only,1ca2,motif_only,design_17_s3,15.890629554225058,7.74296789684049,10.253382392361113,5
1ca2_motif_only,1ca2,motif_only,design_18_s1,1.726417677465847,0.10393425626002865,0.14106511213888845,5
1ca2_motif_only,1ca2,motif_only,design_18_s2,6.308626695272077,3.9095523231352907,5.370359910994274,5
1ca2_motif_only,1ca2,motif_only,design_18_s3,7.459943595870511,3.8911240063450694,5.337701728033625,5
1ca2_motif_only,1ca2,motif_only,design_18_s4,8.834188243436847,1.7065791076142196,2.7351662187596566,3
1ca2_motif_only,1ca2,motif_only,design_18_s5,4.270661291468369,2.485812681009433,4.971625362018866,2
1ca2_motif_only,1ca2,motif_only,design_19_s3,3.471821568518178,0.6923610130450051,1.0125812899828581,3
1ca2_motif_only,1ca2,motif_only,design_1_s2,2.3007569711859297,0.8915599746394288,1.3287554876030798,3
1ca2_motif_only,1ca2,motif_only,design_1_s5,5.139740566761289,3.7404879314205197,7.480975862841039,2
1ca2_motif_only,1ca2,motif_only,design_2_s2,5.651949427241338,2.391266912081795,3.8663330980714434,3
1ca2_motif_only,1ca2,motif_only,design_2_s3,7.753012299712746,3.701370386591232,5.718263388597324,3
1ca2_motif_only,1ca2,motif_only,design_2_s4,3.0086398042777978,0.3100596378951525,0.409772855752764,5
1ca2_motif_only,1ca2,motif_only,design_3_s1,5.598301857013749,2.5599803609627605,3.427588728341852,5
1ca2_motif_only,1ca2,motif_only,design_3_s2,4.608646171877297,0.7487603685838022,1.030526683045648,5
1ca2_motif_only,1ca2,motif_only,design_3_s3,8.888915887979886,2.9116174264181502,4.074637018881278,5
1ca2_motif_only,1ca2,motif_only,design_3_s4,10.172723768919372,0.8952889212096449,1.1989384531541607,5
1ca2_motif_only,1ca2,motif_only,design_3_s5,4.4669604859621685,0.4420657942770261,0.6160711900217148,5
1ca2_motif_only,1ca2,motif_only,design_4_s1,5.177274197705882,1.366804927993468,1.8592412071119822,5
1ca2_motif_only,1ca2,motif_only,design_4_s3,4.921118014652619,2.515395309612929,5.030790619225858,2
1ca2_motif_only,1ca2,motif_only,design_4_s4,1.752239953485024,0.03253853166078913,0.06507706332157825,2
1ca2_motif_only,1ca2,motif_only,design_4_s5,3.665655057119815,0.9590575314247157,1.3065565640134165,5
1ca2_motif_only,1ca2,motif_only,design_6_s4,12.166874763929174,0.566930540674934,0.6959322311438843,5
1ca2_motif_only,1ca2,motif_only,design_7_s1,3.9464352733219954,0.6641283593704488,0.8495665125364983,5
1ca2_motif_only,1ca2,motif_only,design_7_s2,7.658368796857696,5.155583800043707,6.887770922994264,5
1ca2_motif_only,1ca2,motif_only,design_7_s3,2.1446375694877204,0.8922792537033308,1.2981220157179176,3
1ca2_motif_only,1ca2,motif_only,design_7_s4,1.281794667908942,0.5063145563427512,0.7111619505486493,5
1ca2_motif_only,1ca2,motif_only,design_7_s5,2.1487414055046363,1.1257757280576421,1.2668735116677508,5
1ca2_motif_only,1ca2,motif_only,design_8_s1,3.9752249701807285,1.9632418883567813,2.613871722324684,5
1ca2_motif_only,1ca2,motif_only,design_8_s2,6.212821520723082,4.279569035018975,5.36338541184808,5
1ca2_motif_only,1ca2,motif_only,design_8_s3,7.361884561477079,2.1876563058833285,2.7917938616836784,5
1ca2_motif_only,1ca2,motif_only,design_8_s4,9.75929409718392,1.311433341106031,1.7624298891504697,5
1ca2_motif_only,1ca2,motif_only,design_8_s5,2.727663982481409,0.17810075671173053,0.25107812659675155,5
1ca2_motif_only,1ca2,motif_only,design_9_s1,7.598946727000177,4.21976426948852,8.43952853897704,2
1ca2_motif_only,1ca2,motif_only,design_9_s4,9.185658995883895,3.4244809677218626,3.6364515665028896,5
1ca2_shell5,1ca2,shell5,design_0_s1,5.1632500258658744,2.3430682451097673,3.3105927543376863,5
1ca2_shell5,1ca2,shell5,design_0_s2,0.6408718837659516,0.09460467769926952,0.12407723627801608,5
1ca2_shell5,1ca2,shell5,design_0_s3,4.145105977639063,0.5796877201173058,0.7970353881778811,5
1ca2_shell5,1ca2,shell5,design_0_s4,2.423765523766548,1.714840707062644,2.3370050309367154,5
1ca2_shell5,1ca2,shell5,design_0_s5,0.4839810827284644,0.07670267240318343,0.09880075112113848,5
1ca2_shell5,1ca2,shell5,design_10_s1,0.49973304360549076,0.04100606544429967,0.056961776937890805,5
1ca2_shell5,1ca2,shell5,design_10_s2,0.7414365803802611,0.373961112477423,0.4582770626339775,5
1ca2_shell5,1ca2,shell5,design_10_s3,0.7619145795080137,0.19664235998892818,0.25268870568176116,5
1ca2_shell5,1ca2,shell5,design_10_s4,1.852854593164286,0.8264863501086402,1.1650108297708792,5
1ca2_shell5,1ca2,shell5,design_10_s5,1.8948934919718994,0.8772230843700793,1.1308505567963258,5
1ca2_shell5,1ca2,shell5,design_11_s1,2.6562290923399168,0.5526310052785481,0.7713157466909237,5
1ca2_shell5,1ca2,shell5,design_11_s2,3.6464859938930667,0.4293541103021026,0.5965319907003778,5
1ca2_shell5,1ca2,shell5,design_11_s3,0.557803047822575,0.040833391628094795,0.05413983589757585,5
1ca2_shell5,1ca2,shell5,design_11_s4,2.1319866184579928,1.0181420300907316,1.3509903170168724,5
1ca2_shell5,1ca2,shell5,design_11_s5,1.3307765644349694,0.842263128437775,1.089300065976011,5
1ca2_shell5,1ca2,shell5,design_12_s1,3.9728947623844646,1.261212588009963,1.6398875325785987,5
1ca2_shell5,1ca2,shell5,design_12_s2,3.5265146640649143,0.2934235356392847,0.3818592213575716,5
1ca2_shell5,1ca2,shell5,design_12_s3,3.969083629663056,2.9192657842952965,3.9358223793791276,5
1ca2_shell5,1ca2,shell5,design_12_s4,3.476443151380219,1.049461049255098,1.3613246163376602,5
1ca2_shell5,1ca2,shell5,design_12_s5,4.701092858637842,1.265048250984779,1.461472637762515,5
1ca2_shell5,1ca2,shell5,design_13_s1,0.7962254070236454,0.22848078770853888,0.291333163277652,5
1ca2_shell5,1ca2,shell5,design_13_s2,4.67567160025698,1.8042075720674475,2.2055124165095714,5
1ca2_shell5,1ca2,shell5,design_13_s3,1.6464045271757755,1.2940824905721844,1.6853024878425877,5
1ca2_shell5,1ca2,shell5,design_13_s4,0.7648574345019874,0.20351134578322186,0.27572602922718026,5
1ca2_shell5,1ca2,shell5,design_13_s5,5.016655320460569,0.6123663507698363,0.8040746481865728,5
1ca2_shell5,1ca2,shell5,design_14_s1,0.531881426071965,0.0587730844263297,0.07331888345663522,5
1ca2_shell5,1ca2,shell5,design_14_s2,0.8468030444921991,0.8058493168263928,0.8746305760762503,5
1ca2_shell5,1ca2,shell5,design_14_s3,0.5047838350590318,0.014928785838927629,0.020072503987076006,5
1ca2_shell5,1ca2,shell5,design_14_s4,4.339730493178686,1.3252625475367055,1.735563142006448,5
1ca2_shell5,1ca2,shell5,design_14_s5,3.3935687900322753,1.4345037867756636,1.5895847374702172,5
1ca2_shell5,1ca2,shell5,design_15_s1,0.6522220216708476,0.10951799479679794,0.15031692623074672,5
1ca2_shell5,1ca2,shell5,design_15_s2,7.02112896546176,0.5684820844236408,0.7887837705996906,5
1ca2_shell5,1ca2,shell5,design_15_s3,1.6965217675901538,1.9702917109657359,2.0447207629996464,5
1ca2_shell5,1ca2,shell5,design_15_s4,0.5763399117784457,0.06701964459428048,0.09230090958994153,5
1ca2_shell5,1ca2,shell5,design_15_s5,0.5561417603247668,0.05809571088895382,0.07944593726277134,5
1ca2_shell5,1ca2,shell5,design_16_s1,0.6662909864163674,0.43394496623586165,0.5105901089328204,5
1ca2_shell5,1ca2,shell5,design_16_s2,4.5406464151999675,1.143284820819908,1.5101949133359232,5
1ca2_shell5,1ca2,shell5,design_16_s3,4.059249473920391,0.3905587920889934,0.5430978127642035,5
1ca2_shell5,1ca2,shell5,design_16_s4,5.423501684529727,0.24622120466646247,0.3331006371437109,5
1ca2_shell5,1ca2,shell5,design_16_s5,2.154435384375497,0.9821703315207407,1.3416226463477101,5
1ca2_shell5,1ca2,shell5,design_17_s1,0.5887800880484715,0.12720396611266793,0.1569647818983021,5
1ca2_shell5,1ca2,shell5,design_17_s2,0.4802476437352631,0.02054043747676205,0.028381847933509407,5
1ca2_shell5,1ca2,shell5,design_17_s3,0.8965681112144891,0.9891606200520527,1.0437140854753806,5
1ca2_shell5,1ca2,shell5,design_17_s4,0.5099419403489208,0.0626748950759455,0.0732123021442529,5
1ca2_shell5,1ca2,shell5,design_17_s5,1.9514658063374761,1.913473837617661,2.391198779870919,5
1ca2_shell5,1ca2,shell5,design_18_s1,2.2431408410373392,1.0036174097093356,1.281457829774336,5
1ca2_shell5,1ca2,shell5,design_18_s2,2.2946504609758245,0.6488625053574871,0.7688364473791778,5
1ca2_shell5,1ca2,shell5,design_18_s3,1.517837690641175,1.5039617365837141,1.662839007232788,5
1ca2_shell5,1ca2,shell5,design_18_s4,2.766945795423514,1.9648147431378715,2.64842121088939,5
1ca2_shell5,1ca2,shell5,design_18_s5,0.8129676751196924,0.32655681982125,0.38969457871265617,5
1ca2_shell5,1ca2,shell5,design_19_s1,3.355834983549515,0.10176328085223996,0.13653616638310861,5
1ca2_shell5,1ca2,shell5,design_19_s2,3.418492082160416,0.06403872442975671,0.0900319325579936,5
1ca2_shell5,1ca2,shell5,design_19_s3,4.603461113277701,0.23063247767544795,0.30630000679919095,5
1ca2_shell5,1ca2,shell5,design_19_s4,1.2852177315142392,1.647321883726059,1.735524758014315,5
1ca2_shell5,1ca2,shell5,design_19_s5,2.5831195347693603,1.3155575825657162,1.560714881859296,5
1ca2_shell5,1ca2,shell5,design_1_s1,5.6458583644240345,2.611696114579064,3.3581630385811065,5
1ca2_shell5,1ca2,shell5,design_1_s2,5.811751254247359,0.6179416263784784,0.6746005132078136,5
1ca2_shell5,1ca2,shell5,design_1_s3,8.657676734188481,1.0581347201559022,1.3486338665716082,5
1ca2_shell5,1ca2,shell5,design_1_s4,4.45221777363967,0.5449998198999031,0.6881554073919309,5
1ca2_shell5,1ca2,shell5,design_1_s5,7.59698523506719,1.9031547385608745,2.137551682260916,5
1ca2_shell5,1ca2,shell5,design_2_s1,0.6338219491028131,0.14397171846426185,0.18512140324921045,5
1ca2_shell5,1ca2,shell5,design_2_s2,3.5351416470329107,1.0994485341511397,1.4809581420106197,5
1ca2_shell5,1ca2,shell5,design_2_s3,3.5561549856034893,2.8915422434672564,3.5093655877381744,5
1ca2_shell5,1ca2,shell5,design_2_s4,1.255695884357855,0.8113864511762503,1.0995068076923071,5
1ca2_shell5,1ca2,shell5,design_2_s5,4.271156642714765,0.7898042351280162,1.0892399986599144,5
1ca2_shell5,1ca2,shell5,design_3_s1,2.9056594785915957,0.5880778386524943,0.7633330831373618,5
1ca2_shell5,1ca2,shell5,design_3_s2,3.594666256844338,0.7014926496056737,0.9605619641571671,5
1ca2_shell5,1ca2,shell5,design_3_s3,3.4412805190903177,1.2667976554997296,1.6798930571783057,5
1ca2_shell5,1ca2,shell5,design_3_s4,2.8740236554012992,1.590035206550759,2.1461006218451297,5
1ca2_shell5,1ca2,shell5,design_3_s5,5.218953564740329,0.8701203544909881,1.1747576795887296,5
1ca2_shell5,1ca2,shell5,design_4_s1,2.417805775267637,0.917715810334071,1.0190301942208004,5
1ca2_shell5,1ca2,shell5,design_4_s2,3.794921615508006,1.5390115469201173,1.6335336355667707,5
1ca2_shell5,1ca2,shell5,design_4_s3,3.5957765645280473,0.21930955364983098,0.3038489396538241,5
1ca2_shell5,1ca2,shell5,design_4_s4,6.300407051133791,2.2612895176223606,3.1288657494841794,5
1ca2_shell5,1ca2,shell5,design_4_s5,6.3578202159098,0.365889063088108,0.46372368178993584,5
1ca2_shell5,1ca2,shell5,design_5_s1,4.110387354124348,1.3184775735245646,1.7126522439023577,5
1ca2_shell5,1ca2,shell5,design_5_s2,6.000654453280647,2.816565243401674,3.7214203504536854,5
1ca2_shell5,1ca2,shell5,design_5_s3,3.7157989897680124,1.33971748806804,1.868591103717511,5
1ca2_shell5,1ca2,shell5,design_5_s4,4.0036059894388725,1.3387044258784033,1.7184851533893593,5
1ca2_shell5,1ca2,shell5,design_5_s5,6.631795447440538,2.1551410388015015,2.880652059592383,5
1ca2_shell5,1ca2,shell5,design_6_s1,2.58406300934987,1.0735580867177514,1.3539199767682149,5
1ca2_shell5,1ca2,shell5,design_6_s2,7.402194218660692,0.5140833022946225,0.6754699891023274,5
1ca2_shell5,1ca2,shell5,design_6_s3,6.669677474654058,3.2956093837494485,4.056346944963435,5
1ca2_shell5,1ca2,shell5,design_6_s4,2.618258324244865,2.1966220901266293,2.9827976661421385,5
1ca2_shell5,1ca2,shell5,design_6_s5,4.811004047769863,1.3702306133264104,1.9100200486532046,5
1ca2_shell5,1ca2,shell5,design_7_s1,4.501293590930258,1.4114750394328577,1.9012407716119477,5
1ca2_shell5,1ca2,shell5,design_7_s2,2.1342647844976517,1.0087174368500307,1.423598187593609,5
1ca2_shell5,1ca2,shell5,design_7_s3,2.7298675001669053,0.47310946624481154,0.6501392565157871,5
1ca2_shell5,1ca2,shell5,design_7_s4,5.408298069085001,2.5478356166424008,3.4572969109194576,5
1ca2_shell5,1ca2,shell5,design_7_s5,1.9371094796659356,0.5239574378146735,0.7221700683960199,5
1ca2_shell5,1ca2,shell5,design_8_s1,2.566873830628188,1.0901512762938657,1.39498946107475,5
1ca2_shell5,1ca2,shell5,design_8_s2,0.5230414858541409,0.1232220125672659,0.1675639429016571,5
1ca2_shell5,1ca2,shell5,design_8_s3,4.516383813890023,2.3371416212161122,2.8965524033453853,5
1ca2_shell5,1ca2,shell5,design_8_s4,4.492772435837129,0.8573023777547896,1.1614520129001318,5
1ca2_shell5,1ca2,shell5,design_8_s5,1.6897176418488666,2.387187414594813,2.5708120964866183,5
1ca2_shell5,1ca2,shell5,design_9_s1,2.18250821844583,0.5711301575629489,0.7813619157119392,5
1ca2_shell5,1ca2,shell5,design_9_s2,3.326721631907059,1.708475229088873,2.363214516646651,5
1ca2_shell5,1ca2,shell5,design_9_s3,3.385664877044036,0.8211102784931983,1.1431894321652094,5
1ca2_shell5,1ca2,shell5,design_9_s4,1.2748913068978278,0.8849307158200141,1.1549826936553373,5
1ca2_shell5,1ca2,shell5,design_9_s5,4.038909859650284,0.6888303899802695,0.8782115874362895,5
1ca2_shell8,1ca2,shell8,design_0_s1,2.3938319418203875,0.38666128777116116,0.5199259172248422,5
1ca2_shell8,1ca2,shell8,design_0_s2,3.3929754681330784,0.219876961976514,0.29939217791842127,5
1ca2_shell8,1ca2,shell8,design_0_s3,1.8647155255750618,0.5472807545993722,0.7478039542171483,5
1ca2_shell8,1ca2,shell8,design_0_s4,3.1898685126156923,0.7888856977840297,1.0255867810453716,5
1ca2_shell8,1ca2,shell8,design_0_s5,3.3341893675840053,1.6736097114952153,2.156965893451104,5
1ca2_shell8,1ca2,shell8,design_10_s1,4.674177406968394,1.594820736722779,2.1154334847793526,5
1ca2_shell8,1ca2,shell8,design_10_s2,4.594439762865617,1.2868354996097422,1.598034148122141,5
1ca2_shell8,1ca2,shell8,design_10_s3,4.576130655689119,0.9765755408725186,1.3056747060156906,5
1ca2_shell8,1ca2,shell8,design_10_s4,4.5540421939010844,0.7297302584526552,1.0199553746737795,5
1ca2_shell8,1ca2,shell8,design_10_s5,2.7397652668059953,0.4061835007254262,0.5623079555579737,5
1ca2_shell8,1ca2,shell8,design_11_s1,1.6258714266955578,0.47824410311005905,0.6513428242327916,5
1ca2_shell8,1ca2,shell8,design_11_s2,3.0603301447644418,0.3963446650161198,0.5122672331747355,5
1ca2_shell8,1ca2,shell8,design_11_s3,2.9087626747862103,0.9304663680731164,1.2241775634235,5
1ca2_shell8,1ca2,shell8,design_11_s4,2.60683234484192,0.5808215634467848,0.7980773729454823,5
1ca2_shell8,1ca2,shell8,design_11_s5,2.964313983660108,0.5141560189929945,0.7077788066849194,5
1ca2_shell8,1ca2,shell8,design_12_s1,4.576597186567566,0.63672028011021,0.893233883184724,5
1ca2_shell8,1ca2,shell8,design_12_s2,3.7148282151536494,0.8706557949445554,1.2138659005559147,5
1ca2_shell8,1ca2,shell8,design_12_s3,2.5723573753535884,0.27283740141672674,0.36021216779592014,5
1ca2_shell8,1ca2,shell8,design_12_s4,1.4617227295224027,0.4453851453847874,0.5433802278677554,5
1ca2_shell8,1ca2,shell8,design_12_s5,3.87735941324334,1.4801519728372052,2.0562891239059438,5
1ca2_shell8,1ca2,shell8,design_13_s1,1.871903013898826,0.479671217859137,0.6370692323087782,5
1ca2_shell8,1ca2,shell8,design_13_s2,1.089806322384225,0.6996386048122663,0.9071564641859767,5
1ca2_shell8,1ca2,shell8,design_13_s3,5.413004863533215,0.36640049755137194,0.5070157726937511,5
1ca2_shell8,1ca2,shell8,design_13_s4,0.7975031402856494,0.33752753488498816,0.4745448585519618,5
1ca2_shell8,1ca2,shell8,design_13_s5,2.577970425012714,0.8118151665401472,1.1167026995504603,5
1ca2_shell8,1ca2,shell8,design_14_s1,3.7739862745592005,0.7582021506832533,1.032492392201839,5
1ca2_shell8,1ca2,shell8,design_14_s2,5.656358214512958,0.6605275438882376,0.8884231956327616,5
1ca2_shell8,1ca2,shell8,design_14_s3,2.3031123946398826,1.3933176385073829,1.8721798643642753,5
1ca2_shell8,1ca2,shell8,design_14_s4,2.97177497847346,0.972509833732402,1.3083439738842364,5
1ca2_shell8,1ca2,shell8,design_14_s5,2.8611807004807392,1.016897444298208,1.413828417060023,5
1ca2_shell8,1ca2,shell8,design_15_s1,3.5087192659792343,1.6714684797456663,2.2306263516049873,5
1ca2_shell8,1ca2,shell8,design_15_s2,2.7094268463677373,1.2100970183794066,1.472740334547413,5
1ca2_shell8,1ca2,shell8,design_15_s3,4.192844760642809,1.5132784557227208,2.1180973866673574,5
1ca2_shell8,1ca2,shell8,design_15_s4,1.8238433361465252,2.106495927216723,2.2210409911593807,5
1ca2_shell8,1ca2,shell8,design_15_s5,2.2903014208561387,1.7485498789081464,2.3346440287424555,5
1ca2_shell8,1ca2,shell8,design_16_s1,4.2611557873068815,2.2331970806930443,3.060060322375125,5
1ca2_shell8,1ca2,shell8,design_16_s2,2.057722627294529,1.8231211362988555,2.3788712504380563,5
1ca2_shell8,1ca2,shell8,design_16_s3,1.3723346658776665,0.3646127288801349,0.41373847773004374,5
1ca2_shell8,1ca2,shell8,design_16_s4,2.6084459299704723,1.3352153670432227,1.7025122958521333,5
1ca2_shell8,1ca2,shell8,design_16_s5,1.9557699652395921,0.9585407568455246,1.3249840290376966,5
1ca2_shell8,1ca2,shell8,design_17_s1,4.053068006156634,0.1768327847391235,0.2409813374402887,5
1ca2_shell8,1ca2,shell8,design_17_s2,1.687406853003834,1.06487377686949,1.4193872721870942,5
1ca2_shell8,1ca2,shell8,design_17_s3,0.5116384673205332,0.09232182101931288,0.12455396020076301,5
1ca2_shell8,1ca2,shell8,design_17_s4,5.681408353452128,2.502033683373048,3.4379017313754474,5
1ca2_shell8,1ca2,shell8,design_17_s5,3.2958980745925217,0.42713454821414554,0.5781203322784919,5
1ca2_shell8,1ca2,shell8,design_18_s1,3.871944592206437,0.7764799446529602,1.0114235392319735,5
1ca2_shell8,1ca2,shell8,design_18_s2,1.4962027229056098,0.9287803135378963,1.2899971390145137,5
1ca2_shell8,1ca2,shell8,design_18_s3,1.4170360223941192,0.7319407035390647,1.0126361099897405,5
1ca2_shell8,1ca2,shell8,design_18_s4,4.865706158727956,1.7648695132907346,2.2688676715638074,5
1ca2_shell8,1ca2,shell8,design_18_s5,0.8499780721217277,0.3990690381124014,0.5101305530482979,5
1ca2_shell8,1ca2,shell8,design_19_s1,1.9938425871177752,1.2558516386137515,1.675879877311737,5
1ca2_shell8,1ca2,shell8,design_19_s2,0.9978092424637104,0.2767820561961217,0.3710194842707092,5
1ca2_shell8,1ca2,shell8,design_19_s3,2.5196992462011094,1.3095496202445325,1.6841384937680073,5
1ca2_shell8,1ca2,shell8,design_19_s4,1.9979139395229695,1.1008802946449283,1.5056142061482498,5
1ca2_shell8,1ca2,shell8,design_19_s5,1.8167688407410136,0.10827373556210525,0.15046334000001518,5
1ca2_shell8,1ca2,shell8,design_1_s1,1.4919196296735333,0.2986068224785764,0.41438331553389285,5
1ca2_shell8,1ca2,shell8,design_1_s2,2.6966363584814985,1.5668583097413626,2.0057044819362195,5
1ca2_shell8,1ca2,shell8,design_1_s3,1.5230856783713187,0.2805971065978589,0.32041060422550144,5
1ca2_shell8,1ca2,shell8,design_1_s4,2.3129943339532772,1.525513551261039,1.8465320714583953,5
1ca2_shell8,1ca2,shell8,design_1_s5,1.5949230240142456,1.4324774442217734,1.6710930666336163,5
1ca2_shell8,1ca2,shell8,design_2_s1,2.7746781014354225,0.38462030657737156,0.5112759648822068,5
1ca2_shell8,1ca2,shell8,design_2_s2,2.245288482305924,1.503763774839769,1.9112467463777532,5
1ca2_shell8,1ca2,shell8,design_2_s3,2.641110156205285,0.9278923114816658,1.2318213028778229,5
1ca2_shell8,1ca2,shell8,design_2_s4,2.359267868459848,0.6844910337575736,0.8751639386880555,5
1ca2_shell8,1ca2,shell8,design_2_s5,1.8137199520415161,0.8487445669651483,1.1398378895793653,5
1ca2_shell8,1ca2,shell8,design_3_s1,2.3278138093838407,0.9725753005109826,1.3023415459341858,5
1ca2_shell8,1ca2,shell8,design_3_s2,2.7286136480228045,0.7911124323716447,1.0410872281976868,5
1ca2_shell8,1ca2,shell8,design_3_s3,4.578996502856996,0.25871486437972435,0.33453679016841403,5
1ca2_shell8,1ca2,shell8,design_3_s4,0.7820690549554309,0.48860627895365505,0.6185527190107298,5
1ca2_shell8,1ca2,shell8,design_3_s5,3.82235805631746,2.7463561755530814,3.653546990710255,5
1ca2_shell8,1ca2,shell8,design_4_s1,4.243013072220077,1.4731058419824736,2.0570820985157288,5
1ca2_shell8,1ca2,shell8,design_4_s2,1.135837027264704,0.5887914051337858,0.7897689292145671,5
1ca2_shell8,1ca2,shell8,design_4_s3,1.6942483214724262,2.0988689059118064,2.3870256583154577,5
1ca2_shell8,1ca2,shell8,design_4_s4,2.292080970631689,1.2173270303683879,1.4886357933370942,5
1ca2_shell8,1ca2,shell8,design_4_s5,2.769826138634011,1.6940445386001817,2.137685520020024,5
1ca2_shell8,1ca2,shell8,design_5_s1,6.424930139220969,0.8659620543930423,1.217774239504719,5
1ca2_shell8,1ca2,shell8,design_5_s2,1.349029716491246,0.1809646578693843,0.24764762798387457,5
1ca2_shell8,1ca2,shell8,design_5_s3,1.079563419842399,0.22655091451999032,0.312864066416246,5
1ca2_shell8,1ca2,shell8,design_5_s4,3.505331381097598,1.1088645200293068,1.4695656580056646,5
1ca2_shell8,1ca2,shell8,design_5_s5,3.7376497429089595,1.4653130750552923,1.8964775031269894,5
1ca2_shell8,1ca2,shell8,design_6_s1,1.4500139642213519,0.851160896685802,1.180343059887755,5
1ca2_shell8,1ca2,shell8,design_6_s2,2.610929778181691,0.14822280715085986,0.20369940067500886,5
1ca2_shell8,1ca2,shell8,design_6_s3,2.1744035388621663,0.3558843338731413,0.4757284248496945,5
1ca2_shell8,1ca2,shell8,design_6_s4,3.123437454855682,0.5528511253494357,0.7096974933628225,5
1ca2_shell8,1ca2,shell8,design_6_s5,2.337295075721154,1.1956960525265596,1.653765693380814,5
1ca2_shell8,1ca2,shell8,design_7_s1,0.6102032870438967,0.20540173941908593,0.2794388812922498,5
1ca2_shell8,1ca2,shell8,design_7_s2,2.0084073938161247,0.45038183037524987,0.6024951360861158,5
1ca2_shell8,1ca2,shell8,design_7_s3,1.3401538311476247,1.0639654906131204,1.2224972795494875,5
1ca2_shell8,1ca2,shell8,design_7_s4,1.157120460421302,1.3105877314855707,1.4023616531515506,5
1ca2_shell8,1ca2,shell8,design_7_s5,1.6927691072665216,0.42924988518226603,0.5773291302178674,5
1ca2_shell8,1ca2,shell8,design_8_s1,4.008071718462675,0.5478689594307614,0.7699217522556511,5
1ca2_shell8,1ca2,shell8,design_8_s2,1.723558663405442,1.0778973242197547,1.3803644640589139,5
1ca2_shell8,1ca2,shell8,design_8_s3,2.475885397384507,0.6318345636760478,0.7805438576160397,5
1ca2_shell8,1ca2,shell8,design_8_s4,4.317001397298157,0.923569982969834,1.2568845992701578,5
1ca2_shell8,1ca2,shell8,design_8_s5,6.095313135278245,1.1521045315913765,1.6204637137947642,5
1ca2_shell8,1ca2,shell8,design_9_s1,1.9282285797968608,0.8624641473396576,0.9822114895600338,5
1ca2_shell8,1ca2,shell8,design_9_s2,4.030423124649853,1.1453996811993739,1.6022783473608055,5
1ca2_shell8,1ca2,shell8,design_9_s3,0.8276357744380626,0.3950862949717414,0.5425645088312051,5
1ca2_shell8,1ca2,shell8,design_9_s4,3.120072174115586,1.3559136655525101,1.8820496908028268,5
1ca2_shell8,1ca2,shell8,design_9_s5,0.8261565721403539,0.46215896059876316,0.6168722855503332,5
1ppf_motif_only,1ppf,motif_only,design_11_s1,8.437661074695374,3.5615919559296247,3.6675816199685167,5
1ppf_motif_only,1ppf,motif_only,design_11_s2,7.930876691276853,3.1026721958435877,4.544595452073659,3
1ppf_motif_only,1ppf,motif_only,design_11_s3,3.467754049971391,2.172527305885125,4.34505461177025,2
1ppf_motif_only,1ppf,motif_only,design_11_s4,7.266125410385148,2.783452036409125,3.119976062476561,5
1ppf_motif_only,1ppf,motif_only,design_12_s2,0.9419837047332944,0.18909333151202706,0.3781866630240541,2
1ppf_motif_only,1ppf,motif_only,design_12_s3,0.9744647147645779,0.022001042183385944,0.04400208436677189,2
1ppf_motif_only,1ppf,motif_only,design_12_s4,1.9350032182440282,0.37302928928798373,0.7460585785759675,2
1ppf_motif_only,1ppf,motif_only,design_14_s2,1.7761242944238647,0.1804920979448682,0.3609841958897364,2
1ppf_motif_only,1ppf,motif_only,design_16_s1,1.4260290616734648,0.8262256954748737,1.6524513909497474,2
1ppf_motif_only,1ppf,motif_only,design_17_s4,2.5325333384967412,0.30277565958995417,0.3391650231572744,5
1ppf_motif_only,1ppf,motif_only,design_17_s5,5.241047206612361,3.910503548102418,4.487206626872648,5
1ppf_motif_only,1ppf,motif_only,design_18_s1,5.361692206816777,2.3703068856090517,3.255766271637056,5
1ppf_motif_only,1ppf,motif_only,design_18_s3,13.030918798184562,1.3816414167463733,1.5270680546260997,5
1ppf_motif_only,1ppf,motif_only,design_18_s4,9.33984938855535,6.432334132779629,12.864668265559258,2
1ppf_motif_only,1ppf,motif_only,design_18_s5,16.586017729386263,1.12249766053341,1.5268441360175316,5
1ppf_motif_only,1ppf,motif_only,design_1_s3,2.200552517730931,0.17009482531753917,0.34018965063507833,2
1ppf_motif_only,1ppf,motif_only,design_2_s1,7.565837911724733,6.077250437677072,12.154500875354145,2
1ppf_motif_only,1ppf,motif_only,design_4_s2,4.190699023747275,2.594841764619667,3.6775525728609098,3
1ppf_motif_only,1ppf,motif_only,design_5_s1,3.029595713327571,1.1309952969430777,2.2619905938861553,2
1ppf_motif_only,1ppf,motif_only,design_5_s2,4.795692147608361,3.959032039572396,7.918064079144792,2
1ppf_motif_only,1ppf,motif_only,design_5_s5,11.5972217362294,7.683879836103279,10.890355433620826,4
1ppf_motif_only,1ppf,motif_only,design_7_s4,2.6111453430949014,0.7577305426964094,1.5154610853928188,2
1ppf_motif_only,1ppf,motif_only,design_8_s2,12.338742972308536,1.4871113582589057,1.9350678271478898,5
1ppf_motif_only,1ppf,motif_only,design_8_s3,6.349205490637131,3.329021645345689,4.815969557199867,3
1ppf_motif_only,1ppf,motif_only,design_8_s5,9.953080347575495,2.935332927764309,3.9994137102416496,5
1ppf_motif_only,1ppf,motif_only,design_9_s1,2.267565614325212,0.21108776539493102,0.42217553078986203,2
1ppf_motif_only,1ppf,motif_only,design_9_s2,4.632160913861797,1.834288386520072,2.754629301960589,3
1ppf_motif_only,1ppf,motif_only,design_9_s4,3.778157388869945,2.561081001337718,5.122162002675437,2
1ppf_motif_only,1ppf,motif_only,design_9_s5,4.083456778076493,1.0830992356781144,1.201452938359326,5
1ppf_shell5,1ppf,shell5,design_0_s1,5.050258063655091,0.1917248601279335,0.26771936191698253,5
1ppf_shell5,1ppf,shell5,design_0_s2,8.825214300743525,0.8244789360607306,1.1291022083826245,5
1ppf_shell5,1ppf,shell5,design_0_s3,6.764314191248272,1.6961208027608945,2.274501744601068,5
1ppf_shell5,1ppf,shell5,design_0_s4,7.734231711556324,1.2653272519087162,1.7345907092293582,5
1ppf_shell5,1ppf,shell5,design_0_s5,10.240015876866707,0.7741155597529985,1.0601258491309715,5
1ppf_shell5,1ppf,shell5,design_10_s1,7.312170430567823,1.879715463376649,2.5630599904493145,5
1ppf_shell5,1ppf,shell5,design_10_s2,6.788066269171921,1.4578114855275754,2.017884313797373,5
1ppf_shell5,1ppf,shell5,design_10_s3,7.7425635835054125,0.5885205744070104,0.8059657301868844,5
1ppf_shell5,1ppf,shell5,design_10_s4,8.01835439729682,0.8651240338738064,1.149889910773623,5
1ppf_shell5,1ppf,shell5,design_10_s5,7.0189977671112445,1.3471838029765426,1.86765559788068,5
1ppf_shell5,1ppf,shell5,design_11_s1,5.142273293036998,0.9226799366436275,1.2623676129694474,5
1ppf_shell5,1ppf,shell5,design_11_s2,5.725538520619123,0.7592044205761377,0.901125221706236,5
1ppf_shell5,1ppf,shell5,design_11_s3,4.8189948760670065,0.8468013283632999,1.1167945796277305,5
1ppf_shell5,1ppf,shell5,design_11_s4,4.879030216026361,0.6644498651953816,0.9350742801736505,5
1ppf_shell5,1ppf,shell5,design_11_s5,5.141525180602826,1.9882003342727532,2.6254027596025447,5
1ppf_shell5,1ppf,shell5,design_12_s1,6.865826916815005,0.9973270685450086,1.1381200094635813,5
1ppf_shell5,1ppf,shell5,design_12_s2,5.782872281186957,0.7356670352213147,1.0323542696360737,5
1ppf_shell5,1ppf,shell5,design_12_s3,8.234769952454128,1.4521046132384583,1.926915773075582,5
1ppf_shell5,1ppf,shell5,design_12_s4,9.683635763335115,2.2473666495415796,3.1243263156828736,5
1ppf_shell5,1ppf,shell5,design_12_s5,7.966570733771741,1.3332534187091332,1.7646029252442834,5
1ppf_shell5,1ppf,shell5,design_13_s1,6.1564967947386045,1.5009893478999916,1.9717416988424072,5
1ppf_shell5,1ppf,shell5,design_13_s2,3.485675383326904,1.3569205549945642,1.8316098612079146,5
1ppf_shell5,1ppf,shell5,design_13_s3,2.792444079526457,1.3802606514338724,1.9261413951028625,5
1ppf_shell5,1ppf,shell5,design_13_s4,2.2750626565060843,1.5129195508515731,2.0967119971424393,5
1ppf_shell5,1ppf,shell5,design_13_s5,5.147423246175179,1.091291665198493,1.451118760202068,5
1ppf_shell5,1ppf,shell5,design_14_s1,5.828170559836182,0.7616707353767834,1.0600877678423,5
1ppf_shell5,1ppf,shell5,design_14_s2,8.552999529278528,0.42257090542880266,0.5725662567018983,5
1ppf_shell5,1ppf,shell5,design_14_s3,7.770058914233675,0.9317097601666604,1.2727735497615291,5
1ppf_shell5,1ppf,shell5,design_14_s4,10.923631442420596,1.8720614693652595,2.5394280227248807,5
1ppf_shell5,1ppf,shell5,design_14_s5,8.521049466619761,1.3330393850350635,1.8119825927415658,5
1ppf_shell5,1ppf,shell5,design_15_s1,5.510583688908698,0.7907128276706552,1.0996997129229924,5
1ppf_shell5,1ppf,shell5,design_15_s2,7.9328811680224955,1.868015874989841,2.620665081467645,5
1ppf_shell5,1ppf,shell5,design_15_s3,8.617314188326771,0.6398669487284429,0.8756957647362625,5
1ppf_shell5,1ppf,shell5,design_15_s4,4.653616032685198,1.3780800576599792,1.9049963240675705,5
1ppf_shell5,1ppf,shell5,design_15_s5,7.85163346330677,1.0091443319806406,1.3993731493478965,5
1ppf_shell5,1ppf,shell5,design_16_s1,8.966824997123549,0.9152820902842231,1.2142765909367932,5
1ppf_shell5,1ppf,shell5,design_16_s2,8.826141886194646,0.787404395053292,1.0631105844074171,5
1ppf_shell5,1ppf,shell5,design_16_s3,8.69681747990155,1.1812412916727546,1.6397076162723714,5
1ppf_shell5,1ppf,shell5,design_16_s4,9.6740154933411,1.1610427755359922,1.5659323905992644,5
1ppf_shell5,1ppf,shell5,design_16_s5,7.222429352869831,0.4536027974823018,0.5704073281481994,5
1ppf_shell5,1ppf,shell5,design_17_s1,5.147361293437346,1.027907031345836,1.3329167829718558,5
1ppf_shell5,1ppf,shell5,design_17_s2,7.779480176063021,1.6547712038400015,2.12236147030342,5
1ppf_shell5,1ppf,shell5,design_17_s3,10.726083336054117,0.4973215423294922,0.6942377886994098,5
1ppf_shell5,1ppf,shell5,design_17_s4,4.9817497863088676,1.3444475011076118,1.8719755675594296,5
1ppf_shell5,1ppf,shell5,design_17_s5,9.85483133929912,1.2325024614415587,1.7376492783856208,5
1ppf_shell5,1ppf,shell5,design_18_s1,4.6978239853630885,1.967414854232254,2.7198956589942798,5
1ppf_shell5,1ppf,shell5,design_18_s2,4.3240091963780865,1.6030252674868206,2.1781561906096747,5
1ppf_shell5,1ppf,shell5,design_18_s3,10.362855863472808,4.179878397708597,5.669509413185161,5
1ppf_shell5,1ppf,shell5,design_18_s4,4.03749903054022,1.3241426577431457,1.5189839028712047,5
1ppf_shell5,1ppf,shell5,design_18_s5,3.6961015772862225,0.4143432521634754,0.5767426781420392,5
1ppf_shell5,1ppf,shell5,design_19_s1,3.952921901205408,0.750694907652997,1.014076916389208,5
1ppf_shell5,1ppf,shell5,design_19_s2,4.510882207295529,1.8709452692604804,2.5649138228481996,5
1ppf_shell5,1ppf,shell5,design_19_s3,3.1399338827448355,1.175736768223606,1.5617510777496046,5
1ppf_shell5,1ppf,shell5,design_19_s4,6.208392435318364,1.7466788911582387,2.271637996093821,5
1ppf_shell5,1ppf,shell5,design_19_s5,3.6550467418607875,1.857494936655032,2.5430179573400986,5
1ppf_shell5,1ppf,shell5,design_1_s1,7.041472452286693,2.316480790733718,3.16672724219068,5
1ppf_shell5,1ppf,shell5,design_1_s2,7.51096388597445,1.7094486512936504,2.292323287464355,5
1ppf_shell5,1ppf,shell5,design_1_s3,9.122988414616335,1.8931393108326808,2.389049695916648,5
1ppf_shell5,1ppf,shell5,design_1_s4,7.468174321494063,2.3175758926543213,3.116533603819169,5
1ppf_shell5,1ppf,shell5,design_1_s5,9.016938162909105,1.6079692204930804,2.1632533218886176,5
1ppf_shell5,1ppf,shell5,design_2_s1,6.000066571612366,1.1897747117361033,1.58743100069651,5
1ppf_shell5,1ppf,shell5,design_2_s2,7.185263425925967,0.44595756033195,0.6218648711945141,5
1ppf_shell5,1ppf,shell5,design_2_s3,5.866999170547329,1.5445565248349193,2.0211667259620048,5
1ppf_shell5,1ppf,shell5,design_2_s4,7.837989299017508,2.238817880744419,2.9115179483564657,5
1ppf_shell5,1ppf,shell5,design_2_s5,8.868119532055077,1.4708834451374284,1.8677597916182436,5
1ppf_shell5,1ppf,shell5,design_3_s1,6.565275600771234,0.4124508776593351,0.57611949688692,5
1ppf_shell5,1ppf,shell5,design_3_s2,8.205819804838697,1.1916686926857134,1.5131773262089723,5
1ppf_shell5,1ppf,shell5,design_3_s3,5.793642394349308,0.8654762239449312,1.1578521094156642,5
1ppf_shell5,1ppf,shell5,design_3_s4,7.0913931149968334,2.704697087658787,3.7670981167230684,5
1ppf_shell5,1ppf,shell5,design_3_s5,6.367289716401249,1.4155342687237586,1.9947666751378557,5
1ppf_shell5,1ppf,shell5,design_4_s1,7.753581816900322,0.7980833144751079,1.1070911547001703,5
1ppf_shell5,1ppf,shell5,design_4_s2,9.413571518242067,2.50910134292492,3.012872870631847,5
1ppf_shell5,1ppf,shell5,design_4_s3,4.342768193305733,1.6786191776756636,2.1428993989594645,5
1ppf_shell5,1ppf,shell5,design_4_s4,7.713097711436207,1.6690871198511146,2.1793507672475454,5
1ppf_shell5,1ppf,shell5,design_4_s5,10.06602290941145,1.4707610004309433,1.8162011151329498,5
1ppf_shell5,1ppf,shell5,design_5_s1,5.485942353794679,1.0454104210586599,1.47589667948336,5
1ppf_shell5,1ppf,shell5,design_5_s2,10.839224482320372,2.147639030586658,2.8460494138677506,5
1ppf_shell5,1ppf,shell5,design_5_s3,8.261648211081267,1.511262575184424,1.8667917518057913,5
1ppf_shell5,1ppf,shell5,design_5_s4,5.778079656310015,0.6436269199744108,0.7939508629106561,5
1ppf_shell5,1ppf,shell5,design_5_s5,11.4124731936428,2.6684180998019453,3.6354091267796305,5
1ppf_shell5,1ppf,shell5,design_6_s1,5.550685769028965,0.7575654150172737,0.9894432256425514,5
1ppf_shell5,1ppf,shell5,design_6_s2,7.819267150944631,2.4257009812446326,3.3967945547637184,5
1ppf_shell5,1ppf,shell5,design_6_s3,6.744475261174874,0.7567796440234964,1.0483989945768855,5
1ppf_shell5,1ppf,shell5,design_6_s4,5.276071620469875,0.9214507911675216,1.2781179606131303,5
1ppf_shell5,1ppf,shell5,design_6_s5,6.823566720860265,0.4446735262409033,0.602390841888923,5
1ppf_shell5,1ppf,shell5,design_7_s1,6.894776036688805,1.1788578045036346,1.6510449906303055,5
1ppf_shell5,1ppf,shell5,design_7_s2,6.116661614322291,2.2777941330100853,2.3987144294592886,5
1ppf_shell5,1ppf,shell5,design_7_s3,6.686684348054561,1.7855449756002846,2.392079688058553,5
1ppf_shell5,1ppf,shell5,design_7_s4,7.8315121919329425,1.7396966010662454,2.230855132000982,5
1ppf_shell5,1ppf,shell5,design_7_s5,8.835117639348027,1.2430638189841647,1.718870311599409,5
1ppf_shell5,1ppf,shell5,design_8_s1,5.093041115501635,1.1960284823318539,1.6046663621256534,5
1ppf_shell5,1ppf,shell5,design_8_s2,7.057585260790385,3.735571528299892,4.562702662296874,5
1ppf_shell5,1ppf,shell5,design_8_s3,4.91389091671294,0.7186123454298212,0.981983858356197,5
1ppf_shell5,1ppf,shell5,design_8_s4,4.95519222915301,1.4757801745559813,1.965746705022705,5
1ppf_shell5,1ppf,shell5,design_8_s5,5.710099318495429,2.173805577758372,2.924216711975116,5
1ppf_shell5,1ppf,shell5,design_9_s1,7.991537412770465,1.3943500112400986,1.8732729736773799,5
1ppf_shell5,1ppf,shell5,design_9_s2,8.483399234476538,0.8267345581474228,1.0752942147245634,5
1ppf_shell5,1ppf,shell5,design_9_s3,9.978017258137289,0.8043934997457431,1.0070768748381618,5
1ppf_shell5,1ppf,shell5,design_9_s4,10.869064880075161,2.2158042668539966,3.0377383215562936,5
1ppf_shell5,1ppf,shell5,design_9_s5,9.61480373030794,0.693657859046766,0.9636329855817746,5
1ppf_shell8,1ppf,shell8,design_0_s1,11.653397568220177,1.6214360597993067,2.2269581214003953,5
1ppf_shell8,1ppf,shell8,design_0_s2,7.952418916812334,1.6009258156138428,2.2243136722336656,5
1ppf_shell8,1ppf,shell8,design_0_s3,12.033056822417295,2.757259949234427,3.7509608962549814,5
1ppf_shell8,1ppf,shell8,design_0_s4,6.205404981126773,1.2514768987142937,1.55206814440757,5
1ppf_shell8,1ppf,shell8,design_0_s5,7.478205215795532,2.078838333360929,2.7662300187114695,5
1ppf_shell8,1ppf,shell8,design_10_s1,7.2594632937336145,3.632221672126119,5.098293305494094,5
1ppf_shell8,1ppf,shell8,design_10_s2,6.68448739526701,2.7866321767484687,3.9315073414643416,5
1ppf_shell8,1ppf,shell8,design_10_s3,11.340120059235492,3.1917212035512796,4.122924032030532,5
1ppf_shell8,1ppf,shell8,design_10_s4,10.364254211540288,1.4100874995914077,1.8854323767654684,5
1ppf_shell8,1ppf,shell8,design_10_s5,10.459326842072043,1.6892845529759941,2.247044297863346,5
1ppf_shell8,1ppf,shell8,design_11_s1,7.308474728866171,2.0130311772988567,2.759922789026805,5
1ppf_shell8,1ppf,shell8,design_11_s2,13.683921696711542,1.140971870351623,1.5317487117444066,5
1ppf_shell8,1ppf,shell8,design_11_s3,5.991519749888639,0.5836483345048692,0.7863917607654083,5
1ppf_shell8,1ppf,shell8,design_11_s4,11.771262681563675,1.6956143552712375,2.3516566334374467,5
1ppf_shell8,1ppf,shell8,design_11_s5,13.200456002480838,1.935786174682025,2.6529947605228648,5
1ppf_shell8,1ppf,shell8,design_12_s1,12.293956082692961,1.3791640118270792,1.9354179754124168,5
1ppf_shell8,1ppf,shell8,design_12_s2,10.72459185393948,0.9019080683856178,1.2473980670383622,5
1ppf_shell8,1ppf,shell8,design_12_s3,14.033749769778524,0.854144299148001,1.195211569459809,5
1ppf_shell8,1ppf,shell8,design_12_s4,9.4821638009794,0.7891524322722204,1.0898757973672535,5
1ppf_shell8,1ppf,shell8,design_12_s5,11.266098033206392,1.5562961557187778,2.1948254659514363,5
1ppf_shell8,1ppf,shell8,design_13_s1,8.089048088224533,0.7957682954035133,1.1161321724370563,5
1ppf_shell8,1ppf,shell8,design_13_s2,7.97247943780642,1.493570738884544,2.0331234521620205,5
1ppf_shell8,1ppf,shell8,design_13_s3,7.788330112843613,1.6909138542424194,2.316378313138032,5
1ppf_shell8,1ppf,shell8,design_13_s4,8.294889323040701,1.0330010521451305,1.3768476874681106,5
1ppf_shell8,1ppf,shell8,design_13_s5,8.914016477465179,0.8791665389538457,1.0034067327607683,5
1ppf_shell8,1ppf,shell8,design_14_s1,7.859926234254341,1.1654736677617659,1.5583553842677211,5
1ppf_shell8,1ppf,shell8,design_14_s2,8.954240308089094,1.3328838933398306,1.8291219069374143,5
1ppf_shell8,1ppf,shell8,design_14_s3,8.859704863947863,0.758686294274777,1.0375739833343296,5
1ppf_shell8,1ppf,shell8,design_14_s4,8.841626388779176,2.322487056049048,3.0949152117462986,5
1ppf_shell8,1ppf,shell8,design_14_s5,7.6015426781476645,1.5421248031973793,2.1111417891868824,5
1ppf_shell8,1ppf,shell8,design_15_s1,6.219359787777947,0.9040719880484772,1.2234192328407143,5
1ppf_shell8,1ppf,shell8,design_15_s2,10.01851410313328,0.669678281864504,0.8811465843878811,5
1ppf_shell8,1ppf,shell8,design_15_s3,9.329989899583305,0.8914676846096898,1.158112646734186,5
1ppf_shell8,1ppf,shell8,design_15_s4,7.195701704545266,1.1784763306288342,1.4508639742918004,5
1ppf_shell8,1ppf,shell8,design_15_s5,8.336744998210985,1.2607253803127747,1.7271431495088359,5
1ppf_shell8,1ppf,shell8,design_16_s1,8.823577835316538,1.2092064112573109,1.6202213171303435,5
1ppf_shell8,1ppf,shell8,design_16_s2,10.10333672120903,1.2692357581468503,1.7752269409717598,5
1ppf_shell8,1ppf,shell8,design_16_s3,8.25986188778283,2.368315403491443,3.286119032741772,5
1ppf_shell8,1ppf,shell8,design_16_s4,10.476831622674062,0.6902568267043887,0.8974250919191441,5
1ppf_shell8,1ppf,shell8,design_16_s5,12.844994176465386,2.1376920176185488,2.7979264956161454,5
1ppf_shell8,1ppf,shell8,design_17_s1,10.096313243214103,1.541102167136328,2.141857035123439,5
1ppf_shell8,1ppf,shell8,design_17_s2,11.18814455700442,1.4414056026640993,1.988746875318237,5
1ppf_shell8,1ppf,shell8,design_17_s3,8.892244357766632,2.668054744461524,3.2916698904538997,5
1ppf_shell8,1ppf,shell8,design_17_s4,8.40005428429473,0.8334425962163834,1.1347263014275533,5
1ppf_shell8,1ppf,shell8,design_17_s5,10.100394853782117,1.8800762372988054,2.3854788707542456,5
1ppf_shell8,1ppf,shell8,design_18_s1,8.305607515537613,2.135444198159824,3.007484555595473,5
1ppf_shell8,1ppf,shell8,design_18_s2,8.352131071474556,0.8812313661664897,1.1824435029660645,5
1ppf_shell8,1ppf,shell8,design_18_s3,8.380222918334804,1.8216162929009547,2.2741845974122206,5
1ppf_shell8,1ppf,shell8,design_18_s4,7.275556127939197,2.420853035676201,2.9250777081679398,5
1ppf_shell8,1ppf,shell8,design_18_s5,9.65343226411915,3.091423543977937,4.272644934068557,5
1ppf_shell8,1ppf,shell8,design_19_s1,8.905867971700072,2.1108377141393926,2.8284673969092555,5
1ppf_shell8,1ppf,shell8,design_19_s2,8.563659315954526,1.1171577480849424,1.5415488578027206,5
1ppf_shell8,1ppf,shell8,design_19_s3,10.293603807278819,0.6930427522828144,0.975430296096512,5
1ppf_shell8,1ppf,shell8,design_19_s4,9.867690388226862,1.6224578030446468,2.2205690568562444,5
1ppf_shell8,1ppf,shell8,design_19_s5,8.48524020111536,1.2461185734758835,1.752298213957474,5
1ppf_shell8,1ppf,shell8,design_1_s1,10.105212040147087,0.8460579723244865,1.16679857430475,5
1ppf_shell8,1ppf,shell8,design_1_s2,8.002331401663891,2.707890093617014,3.697986928313875,5
1ppf_shell8,1ppf,shell8,design_1_s3,9.858819807612132,1.573151867410894,2.13916345036782,5
1ppf_shell8,1ppf,shell8,design_1_s4,9.52886838374739,2.454971710955997,3.4514875306308914,5
1ppf_shell8,1ppf,shell8,design_1_s5,9.598871237940767,1.6822252512282638,2.135175791351359,5
1ppf_shell8,1ppf,shell8,design_2_s1,5.743921469377498,1.901179282996669,2.5845176651475463,5
1ppf_shell8,1ppf,shell8,design_2_s2,8.46647903782503,2.684573350720012,3.7173724487024935,5
1ppf_shell8,1ppf,shell8,design_2_s3,9.0203159984476,1.9049136143820646,2.6122014410035908,5
1ppf_shell8,1ppf,shell8,design_2_s4,9.634239632774085,1.2863198146895714,1.75953707918849,5
1ppf_shell8,1ppf,shell8,design_2_s5,7.954384383671718,1.3684796672670723,1.8837253576399529,5
1ppf_shell8,1ppf,shell8,design_3_s1,11.378013970209368,0.7988924447138711,1.1169966731385768,5
1ppf_shell8,1ppf,shell8,design_3_s2,9.78785608403869,1.565942844157317,2.1306927381497864,5
1ppf_shell8,1ppf,shell8,design_3_s3,10.840412998211406,1.221796499740004,1.61538444179256,5
1ppf_shell8,1ppf,shell8,design_3_s4,7.306418973436725,1.688887554425102,2.2463816861312687,5
1ppf_shell8,1ppf,shell8,design_3_s5,10.513240783845442,2.3723174679043693,3.2146930725517775,5
1ppf_shell8,1ppf,shell8,design_4_s1,9.038272785223839,1.8169068590332407,2.0768437674547955,5
1ppf_shell8,1ppf,shell8,design_4_s2,7.930145010037611,1.8153911825041826,2.096430950477335,5
1ppf_shell8,1ppf,shell8,design_4_s3,12.658979492182668,1.779507328254877,2.384404093015667,5
1ppf_shell8,1ppf,shell8,design_4_s4,6.182463139269805,0.7236448014458473,0.9972334036570638,5
1ppf_shell8,1ppf,shell8,design_4_s5,10.831339781785678,1.6782327906275507,2.0257827351558073,5
1ppf_shell8,1ppf,shell8,design_5_s1,9.15024999532271,2.8147299318898718,3.870181797573614,5
1ppf_shell8,1ppf,shell8,design_5_s2,8.22820595323402,1.224829367724436,1.7119663461984096,5
1ppf_shell8,1ppf,shell8,design_5_s3,7.556539104093145,2.7864833408976613,3.9097687497076032,5
1ppf_shell8,1ppf,shell8,design_5_s4,6.039318406041674,2.622000812649319,3.4936212063033225,5
1ppf_shell8,1ppf,shell8,design_5_s5,7.949576981221239,1.5499436411033916,1.908973835061334,5
1ppf_shell8,1ppf,shell8,design_6_s1,7.157777448350413,0.8314241724124138,1.1553630219612328,5
1ppf_shell8,1ppf,shell8,design_6_s2,8.153502763788724,2.4509858892017404,3.372029410243816,5
1ppf_shell8,1ppf,shell8,design_6_s3,8.374392392324783,1.9127674849792686,2.683204225945554,5
1ppf_shell8,1ppf,shell8,design_6_s4,8.854206436001261,2.3941912405226056,3.2531292053623515,5
1ppf_shell8,1ppf,shell8,design_6_s5,11.681428359019884,1.356636684145452,1.7911081421413706,5
1ppf_shell8,1ppf,shell8,design_7_s1,11.248939353090794,2.096896722554727,2.8599127177929837,5
1ppf_shell8,1ppf,shell8,design_7_s2,10.93862105860183,0.5687632441538383,0.739167647813284,5
1ppf_shell8,1ppf,shell8,design_7_s3,13.677592233421567,1.8498321197542467,2.567903657769731,5
1ppf_shell8,1ppf,shell8,design_7_s4,10.421872580553462,1.402189296208023,1.950015312399816,5
1ppf_shell8,1ppf,shell8,design_7_s5,11.900834134746614,0.8000830626747576,1.1235403435318774,5
1ppf_shell8,1ppf,shell8,design_8_s1,7.973429888527029,2.267816940630229,2.9354893319887703,5
1ppf_shell8,1ppf,shell8,design_8_s2,9.63614647304227,1.6290308160936446,2.1028098503047628,5
1ppf_shell8,1ppf,shell8,design_8_s3,11.660219543778025,0.9431012368199199,1.2441499463687475,5
1ppf_shell8,1ppf,shell8,design_8_s4,8.415670445263572,1.9690433087777228,2.548005692503921,5
1ppf_shell8,1ppf,shell8,design_8_s5,9.190710281800389,1.3706022514795506,1.9185134286391587,5
1ppf_shell8,1ppf,shell8,design_9_s1,6.652042182770077,1.0051051758102725,1.3086681341102446,5
1ppf_shell8,1ppf,shell8,design_9_s2,5.462964488438381,0.7641884041360546,1.0612244222057192,5
1ppf_shell8,1ppf,shell8,design_9_s3,8.409459043174182,2.131609458870708,2.85820828072596,5
1ppf_shell8,1ppf,shell8,design_9_s4,7.979835221157321,1.2858955100685963,1.793644471209382,5
1ppf_shell8,1ppf,shell8,design_9_s5,7.827329911728251,1.9337962632821133,2.650182156049909,5
